{"cameraMode":{"drawMode":0,"name":"Shaded","section":"Shading Mode"},"sceneLighting":true,"audioPlay":false,"sceneViewState":{"m_AlwaysRefresh":false,"showFog":true,"showSkybox":true,"showFlares":true,"showImageEffects":true,"showParticleSystems":true,"showVisualEffectGraphs":true,"m_FxEnabled":false},"in2DMode":false,"pivot":{"x":-1.4230246543884278,"y":0.9646749496459961,"z":12.264540672302246},"rotation":{"x":0.0937308818101883,"y":-0.11472917348146439,"z":0.010874499566853047,"w":0.9889041185379028},"size":9.89115047454834,"orthographic":false}