{"cameraMode":{"drawMode":0,"name":"Shaded","section":"Shading Mode"},"sceneLighting":true,"audioPlay":false,"sceneViewState":{"m_AlwaysRefresh":false,"showFog":true,"showSkybox":true,"showFlares":true,"showImageEffects":true,"showParticleSystems":true,"showVisualEffectGraphs":true,"m_FxEnabled":false},"in2DMode":false,"pivot":{"x":1.0456180572509766,"y":2.8850972652435304,"z":69.73804473876953},"rotation":{"x":0.0056702508591115479,"y":0.993799090385437,"z":-0.06059465929865837,"w":0.0929875522851944},"size":6.372501850128174,"orthographic":false}